{
  "all_required_history_fields_populated": true,
  "best_Z": 0.0023813277948647738,
  "best_iter_by_Z": 5,
  "blank_value": 0.0,
  "clamp_project_logic_active": true,
  "elapsed_seconds": 6.0725878439843655,
  "face_id": "face_002",
  "final_Z": 0.0023813277948647738,
  "final_combined_max_disp_px": 1.4225029945373535,
  "final_combined_mean_disp_px": 0.6948641538619995,
  "final_combined_p95_disp_px": 1.2005926370620728,
  "final_fraction_clamped_total": 0.0,
  "final_loss": -0.0023813277948647738,
  "final_mse_to_blank": 0.34202420711517334,
  "final_mse_to_original": 0.00061822246061638,
  "final_output_l2": 0.04526993164019077,
  "final_output_mse": 0.0020493667107075453,
  "final_output_psnr": 26.883803226202904,
  "final_output_ssim": 0.8431245684623718,
  "final_psnr_to_blank": 4.659431552172596,
  "final_psnr_to_original": 32.08855220650009,
  "final_ssim_to_blank": 4.930139766656794e-06,
  "final_ssim_to_original": 0.9952854514122009,
  "input_l2": 0.02646955623230617,
  "input_mse": 0.0007006374071352184,
  "input_psnr": 31.545066793524388,
  "input_ssim": 0.9079510569572449,
  "iters": 5,
  "mean_seconds_iter": 0.17626512944698333,
  "model": "instruct",
  "nvidia_smi_memory_gb": 6.3720703125,
  "objective_name": "unet_prediction",
  "peak_vram_gb": 5.122848033905029,
  "prompt": "add headphones",
  "run_dir": "/home/interns/Desktop/wood/outputs/smoke_timing/20260630_065715_blank_objective_ref_quick_sequential/runs/blank_objective_ref/instruct/unet_prediction/face_002__add_headphones",
  "seed": 1234,
  "status": "done",
  "variant": "blank_objective_ref"
}
