{
  "elapsed_seconds": 12.33031645230949,
  "final_Z": 128.08444213867188,
  "status": "done"
}
