{
  "elapsed_seconds": 8.461294416338205,
  "final_Z": 0.0022692037746310234,
  "status": "done"
}
