{
  "elapsed_seconds": 29.159146597608924,
  "final_Z": 149.339599609375,
  "status": "done"
}
