{
  "all_required_history_fields_populated": true,
  "best_Z": 151.65118408203125,
  "best_iter_by_Z": 150,
  "blank_value": 0.0,
  "clamp_project_logic_active": true,
  "elapsed_seconds": 43.33212005905807,
  "face_id": "face_005",
  "final_Z": 151.65118408203125,
  "final_combined_max_disp_px": 25.392868041992188,
  "final_combined_mean_disp_px": 4.259444236755371,
  "final_combined_p95_disp_px": 13.60416316986084,
  "final_fraction_clamped_total": 0.021604938271604937,
  "final_loss": -151.65118408203125,
  "final_mse_to_blank": 0.28169071674346924,
  "final_mse_to_original": 0.11456137895584106,
  "final_output_l2": 0.20044730539309147,
  "final_output_mse": 0.04017912223935127,
  "final_output_psnr": 13.95999555162934,
  "final_output_ssim": 0.65373295545578,
  "final_psnr_to_blank": 5.502274651672883,
  "final_psnr_to_original": 9.40961767475917,
  "final_ssim_to_blank": 4.6008590288693085e-06,
  "final_ssim_to_original": 0.5017560720443726,
  "input_l2": 0.3385222050379231,
  "input_mse": 0.11459728330373764,
  "input_psnr": 9.40825677832683,
  "input_ssim": 0.5152431130409241,
  "iters": 150,
  "mean_seconds_iter": 0.15475856751203537,
  "model": "instruct",
  "nvidia_smi_memory_gb": 6.3798828125,
  "objective_name": "vae_conditioning",
  "peak_vram_gb": 5.1387152671813965,
  "prompt": "add black sunglasses",
  "run_dir": "outputs/blank_objective_ref/20260630_062726_blank_objective_ref_all_sequential/runs/blank_objective_ref/instruct/vae_conditioning/face_005__add_black_sunglasses",
  "seed": 1234,
  "status": "done",
  "variant": "blank_objective_ref"
}
