{
  "elapsed_seconds": 27.464944487437606,
  "final_Z": 128.765869140625,
  "status": "done"
}
