{
  "elapsed_seconds": 303.85394410416484,
  "final_Z": 0.0028655179776251316,
  "status": "done"
}
