{
  "elapsed_seconds": 251.99202033132315,
  "final_Z": 133.7799835205078,
  "status": "done"
}
