{
  "all_required_history_fields_populated": true,
  "best_Z": 127.6502685546875,
  "best_iter_by_Z": 271,
  "blank_value": 0.0,
  "clamp_project_logic_active": true,
  "elapsed_seconds": 47.885598896071315,
  "face_id": "face_002",
  "final_Z": 127.55262756347656,
  "final_combined_max_disp_px": 1.683724045753479,
  "final_combined_mean_disp_px": 0.5500689744949341,
  "final_combined_p95_disp_px": 1.1328213214874268,
  "final_fraction_clamped_total": 0.0,
  "final_loss": -127.55262756347656,
  "final_mse_to_blank": 0.34281012415885925,
  "final_mse_to_original": 0.00035758185549639165,
  "final_output_l2": 0.03305109363485377,
  "final_output_mse": 0.0010923747904598713,
  "final_output_psnr": 29.6162833095129,
  "final_output_ssim": 0.8972897529602051,
  "final_psnr_to_blank": 4.649463606070663,
  "final_psnr_to_original": 34.46624526390987,
  "final_ssim_to_blank": 4.914622422802495e-06,
  "final_ssim_to_original": 0.9972770810127258,
  "input_l2": 0.018986479867947447,
  "input_mse": 0.0003604864177759737,
  "input_psnr": 34.431110937630514,
  "input_ssim": 0.9468706250190735,
  "iters": 300,
  "mean_seconds_iter": 0.1400179787663122,
  "model": "instruct",
  "nvidia_smi_memory_gb": 6.3525390625,
  "objective_name": "vae_conditioning",
  "peak_vram_gb": 5.107464790344238,
  "prompt": "add headphones",
  "run_dir": "outputs/blank_objective_ref/20260630_083256_blank_objective_ref_all_sequential/runs/blank_objective_ref/instruct/vae_conditioning/face_002__add_headphones",
  "seed": 1234,
  "status": "done",
  "variant": "blank_objective_ref"
}
