{
  "all_required_history_fields_populated": true,
  "best_Z": 0.0023894887417554855,
  "best_iter_by_Z": 223,
  "blank_value": 0.0,
  "clamp_project_logic_active": true,
  "elapsed_seconds": 59.41584598645568,
  "face_id": "face_002",
  "final_Z": 0.0023880982771515846,
  "final_combined_max_disp_px": 2.714956760406494,
  "final_combined_mean_disp_px": 0.8556257486343384,
  "final_combined_p95_disp_px": 1.7100080251693726,
  "final_fraction_clamped_total": 0.0,
  "final_loss": -0.0023880982771515846,
  "final_mse_to_blank": 0.34209680557250977,
  "final_mse_to_original": 0.0006404311279766262,
  "final_output_l2": 0.03680972157511189,
  "final_output_mse": 0.0013549556024372578,
  "final_output_psnr": 28.680749349979916,
  "final_output_ssim": 0.8673794865608215,
  "final_psnr_to_blank": 4.6585098114586145,
  "final_psnr_to_original": 31.93527567477379,
  "final_ssim_to_blank": 4.931122020934708e-06,
  "final_ssim_to_original": 0.9951148629188538,
  "input_l2": 0.02536875787271947,
  "input_mse": 0.0006435738760046661,
  "input_psnr": 31.914015931268995,
  "input_ssim": 0.902228057384491,
  "iters": 300,
  "mean_seconds_iter": 0.17835563694437345,
  "model": "instruct",
  "nvidia_smi_memory_gb": 6.3525390625,
  "objective_name": "unet_prediction",
  "peak_vram_gb": 5.1089277267456055,
  "prompt": "add black sunglasses",
  "run_dir": "outputs/blank_objective_ref/20260630_083256_blank_objective_ref_all_sequential/runs/blank_objective_ref/instruct/unet_prediction/face_002__add_black_sunglasses",
  "seed": 1234,
  "status": "done",
  "variant": "blank_objective_ref"
}
