{
  "all_required_history_fields_populated": true,
  "best_Z": 0.002832361962646246,
  "best_iter_by_Z": 149,
  "blank_value": 0.0,
  "clamp_project_logic_active": true,
  "elapsed_seconds": 36.37701358087361,
  "face_id": "face_002",
  "final_Z": 0.0028321805875748396,
  "final_combined_max_disp_px": 5.673175811767578,
  "final_combined_mean_disp_px": 1.0888934135437012,
  "final_combined_p95_disp_px": 3.419346332550049,
  "final_fraction_clamped_total": 0.037037037037037035,
  "final_loss": -0.0028321805875748396,
  "final_mse_to_blank": 0.265328049659729,
  "final_mse_to_original": 0.08246006816625595,
  "final_output_l2": 0.2788005366722822,
  "final_output_mse": 0.0777297392487526,
  "final_output_psnr": 11.094127891711093,
  "final_output_ssim": 0.4207225739955902,
  "final_psnr_to_blank": 5.7621683532296615,
  "final_psnr_to_original": 10.837563105216045,
  "final_ssim_to_blank": 5.164110007171985e-06,
  "final_ssim_to_original": 0.6210096478462219,
  "input_l2": 0.28712952471760483,
  "input_mse": 0.08244336396455765,
  "input_psnr": 10.838442958661574,
  "input_ssim": 0.4108286201953888,
  "iters": 150,
  "mean_seconds_iter": 0.20398312070717414,
  "model": "instruct",
  "nvidia_smi_memory_gb": 6.3779296875,
  "objective_name": "unet_prediction",
  "peak_vram_gb": 5.139936923980713,
  "prompt": "add black sunglasses",
  "run_dir": "outputs/blank_objective_ref/20260630_070226_blank_objective_ref_all_sequential/runs/blank_objective_ref/instruct/unet_prediction/face_002__add_black_sunglasses",
  "seed": 1234,
  "status": "done",
  "variant": "blank_objective_ref"
}
