{
  "elapsed_seconds": 44.6544098649174,
  "final_Z": 148.5875701904297,
  "status": "done"
}
