{
  "all_required_history_fields_populated": true,
  "best_Z": 148.5875701904297,
  "best_iter_by_Z": 150,
  "blank_value": 0.0,
  "clamp_project_logic_active": true,
  "elapsed_seconds": 44.6544098649174,
  "face_id": "face_002",
  "final_Z": 148.5875701904297,
  "final_combined_max_disp_px": 12.946126937866211,
  "final_combined_mean_disp_px": 2.7085180282592773,
  "final_combined_p95_disp_px": 8.032732009887695,
  "final_fraction_clamped_total": 0.027777777777777776,
  "final_loss": -148.5875701904297,
  "final_mse_to_blank": 0.27046728134155273,
  "final_mse_to_original": 0.07864616811275482,
  "final_output_l2": 0.28719381790351267,
  "final_output_mse": 0.082480289041996,
  "final_output_psnr": 10.836498257904474,
  "final_output_ssim": 0.4604129493236542,
  "final_psnr_to_blank": 5.6788526435502344,
  "final_psnr_to_original": 11.043224327104582,
  "final_ssim_to_blank": 4.975911451765569e-06,
  "final_ssim_to_original": 0.6398299336433411,
  "input_l2": 0.2805114161094313,
  "input_mse": 0.0786866545677185,
  "input_psnr": 11.04098918709106,
  "input_ssim": 0.48566317558288574,
  "iters": 150,
  "mean_seconds_iter": 0.15437587505827347,
  "model": "instruct",
  "nvidia_smi_memory_gb": 6.3759765625,
  "objective_name": "vae_conditioning",
  "peak_vram_gb": 5.132369041442871,
  "prompt": "add black sunglasses",
  "run_dir": "outputs/blank_objective_ref/20260630_062726_blank_objective_ref_all_sequential/runs/blank_objective_ref/instruct/vae_conditioning/face_002__add_black_sunglasses",
  "seed": 1234,
  "status": "done",
  "variant": "blank_objective_ref"
}
