{
  "elapsed_seconds": 35.598650643602014,
  "final_Z": 0.0022707083262503147,
  "status": "done"
}
