{
  "all_required_history_fields_populated": true,
  "best_Z": 0.0028667734004557133,
  "best_iter_by_Z": 477,
  "blank_value": 0.0,
  "clamp_project_logic_active": true,
  "elapsed_seconds": 103.49384819157422,
  "face_id": "face_005",
  "final_Z": 0.0028636858332902193,
  "final_combined_max_disp_px": 4.469918251037598,
  "final_combined_mean_disp_px": 1.1707123517990112,
  "final_combined_p95_disp_px": 2.6213595867156982,
  "final_fraction_clamped_total": 0.0,
  "final_loss": -0.0028636858332902193,
  "final_mse_to_blank": 0.3865562379360199,
  "final_mse_to_original": 0.0007059974013827741,
  "final_output_l2": 0.03551994065720329,
  "final_output_mse": 0.0012616661842912436,
  "final_output_psnr": 28.990555369282404,
  "final_output_ssim": 0.8826663494110107,
  "final_psnr_to_blank": 4.1278731403916975,
  "final_psnr_to_original": 31.511968974853048,
  "final_ssim_to_blank": 4.20603691964061e-06,
  "final_ssim_to_original": 0.9946706295013428,
  "input_l2": 0.026500871854637734,
  "input_mse": 0.0007022962090559304,
  "input_psnr": 31.534796758675437,
  "input_ssim": 0.9138275980949402,
  "iters": 500,
  "mean_seconds_iter": 0.1919666312523186,
  "model": "instruct",
  "nvidia_smi_memory_gb": 6.4814453125,
  "objective_name": "unet_prediction",
  "peak_vram_gb": 5.113080024719238,
  "prompt": "add headphones",
  "run_dir": "outputs/blank_objective_ref/20260630_085045_blank_objective_ref_all_sequential/runs/blank_objective_ref/instruct/unet_prediction/face_005__add_headphones",
  "seed": 1234,
  "status": "done",
  "variant": "blank_objective_ref"
}
