{
  "elapsed_seconds": 53.64739512093365,
  "final_Z": 129.31898498535156,
  "status": "done"
}
