{
  "all_required_history_fields_populated": true,
  "best_Z": 0.002394949086010456,
  "best_iter_by_Z": 488,
  "blank_value": 0.0,
  "clamp_project_logic_active": true,
  "elapsed_seconds": 101.27900340221822,
  "face_id": "face_002",
  "final_Z": 0.0023935982026159763,
  "final_combined_max_disp_px": 4.968789100646973,
  "final_combined_mean_disp_px": 1.0092687606811523,
  "final_combined_p95_disp_px": 2.3608880043029785,
  "final_fraction_clamped_total": 0.0,
  "final_loss": -0.0023935982026159763,
  "final_mse_to_blank": 0.34160444140434265,
  "final_mse_to_original": 0.0007735518156550825,
  "final_output_l2": 0.03894334291903267,
  "final_output_mse": 0.001516583957709372,
  "final_output_psnr": 28.191335422536795,
  "final_output_ssim": 0.8535223603248596,
  "final_psnr_to_blank": 4.66476491423142,
  "final_psnr_to_original": 31.115105901748503,
  "final_ssim_to_blank": 4.9397849579690956e-06,
  "final_ssim_to_original": 0.9940996170043945,
  "input_l2": 0.028009908682831115,
  "input_mse": 0.000784554984420538,
  "input_psnr": 31.053766140991822,
  "input_ssim": 0.8809776306152344,
  "iters": 500,
  "mean_seconds_iter": 0.18805069352313877,
  "model": "instruct",
  "nvidia_smi_memory_gb": 6.4814453125,
  "objective_name": "unet_prediction",
  "peak_vram_gb": 5.113080024719238,
  "prompt": "add black sunglasses",
  "run_dir": "outputs/blank_objective_ref/20260630_085045_blank_objective_ref_all_sequential/runs/blank_objective_ref/instruct/unet_prediction/face_002__add_black_sunglasses",
  "seed": 1234,
  "status": "done",
  "variant": "blank_objective_ref"
}
