{
  "elapsed_seconds": 36.19530284777284,
  "final_Z": 0.0028498671017587185,
  "status": "done"
}
