model,code_objective,report_objective_name,num_runs,mean_final_Z,mean_final_loss,mean_final_ssim_to_original,mean_final_psnr_to_original,mean_final_output_ssim,mean_final_output_l2,mean_combined_max_disp_px,mean_combined_p95_disp_px,mean_fraction_clamped_total
InstructPix2Pix,vae_conditioning,VAE conditioning latent,4,129.05945587158203,-129.05945587158203,0.9833375811576843,29.94060599189941,0.8308989107608795,0.05202694751146561,10.260283917188644,6.916326850652695,0.005681818181818182
InstructPix2Pix,unet_prediction,UNet denoising prediction,4,0.0026257358258590102,-0.0026257358258590102,0.9951851665973663,32.013142316676756,0.8801506161689758,0.03578115670242051,3.1082011461257935,2.04451847076416,0.0
