model,code_objective,report_objective_name,num_runs,mean_final_Z,mean_final_loss,mean_final_ssim_to_original,mean_final_psnr_to_original,mean_final_output_ssim,mean_final_output_l2,mean_combined_max_disp_px,mean_combined_p95_disp_px,mean_fraction_clamped_total
InstructPix2Pix,vae_conditioning,VAE conditioning latent,4,130.20569801330566,-130.20569801330566,0.9653214067220688,25.680746074611353,0.7653166651725769,0.07165643476761246,23.184176564216614,13.983669966459274,0.022727272727272728
InstructPix2Pix,unet_prediction,UNet denoising prediction,4,0.0026314548449590802,-0.0026314548449590802,0.994697168469429,31.71315766101631,0.8719405084848404,0.03690693561344154,4.189302146434784,2.860304534435272,0.0
