model,objective,code_objective,face_id,prompt,final_Z,final_loss,best_iter_by_Z,ssim_to_original,psnr_to_original,output_ssim,output_l2,max_disp_px,p95_disp_px,fraction_clamped,seconds_per_iter
InstructPix2Pix,VAE conditioning latent,vae_conditioning,face_002,add black sunglasses,127.81925201416016,-127.81925201416016,486,0.9888265132904053,28.329123322180298,0.8364753723144531,0.045779047569638645,8.511383056640625,4.9298415184021,0.0,0.4327814301289618
InstructPix2Pix,VAE conditioning latent,vae_conditioning,face_002,add headphones,127.65242004394531,-127.65242004394531,381,0.9957107305526733,32.49255640420977,0.8687185645103455,0.040668231171452074,2.708775043487549,1.897626280784607,0.0,0.4299206566289067
InstructPix2Pix,VAE conditioning latent,vae_conditioning,face_005,add black sunglasses,131.57113647460938,-131.57113647460938,500,0.9554290175437927,22.205782500225723,0.7267677783966064,0.08720024281102817,35.21747970581055,20.582069396972656,0.030303030303030304,0.40989784310758115
InstructPix2Pix,VAE conditioning latent,vae_conditioning,face_005,add headphones,133.7799835205078,-133.7799835205078,498,0.9213193655014038,19.69552207182961,0.6293049454689026,0.11297821751833098,46.299068450927734,28.525142669677734,0.06060606060606061,0.4158958840891719
InstructPix2Pix,UNet denoising prediction,unet_prediction,face_002,add black sunglasses,0.0024009449407458305,-0.0024009449407458305,489,0.9961192607879639,32.93539626661057,0.8796661496162415,0.036175758704827324,2.197171688079834,1.667384147644043,0.0,0.5200439740084112
InstructPix2Pix,UNet denoising prediction,unet_prediction,face_002,add headphones,0.002393936738371849,-0.002393936738371849,489,0.9951728582382202,31.98681568692281,0.8550231456756592,0.03951028970471405,3.2537262439727783,1.8731675148010254,0.0,0.5075303787663579
InstructPix2Pix,UNet denoising prediction,unet_prediction,face_005,add black sunglasses,0.0028655179776251316,-0.0028655179776251316,471,0.9921448826789856,29.8246063990165,0.8752291798591614,0.035065333042738796,6.667225360870361,4.859635353088379,0.0,0.5172435028105974
InstructPix2Pix,UNet denoising prediction,unet_prediction,face_005,add headphones,0.0028654197230935097,-0.0028654197230935097,401,0.9953516721725464,32.105812291515356,0.8778435587882996,0.036876361001486,4.639085292816162,3.0410311222076416,0.0,0.5179882267154753
