model,objective,code_objective,face_id,prompt,final_Z,final_loss,best_iter_by_Z,ssim_to_original,psnr_to_original,output_ssim,output_l2,max_disp_px,p95_disp_px,fraction_clamped,seconds_per_iter
InstructPix2Pix,VAE conditioning latent,vae_conditioning,face_002,add black sunglasses,148.57080078125,-148.57080078125,150,0.6373776793479919,11.015658494113401,0.4627291262149811,0.28798263766766613,14.235944747924805,7.526050567626953,0.037037037037037035,0.1537977349758148
InstructPix2Pix,VAE conditioning latent,vae_conditioning,face_002,add headphones,149.339599609375,-149.339599609375,150,0.6331959366798401,10.980745907716338,0.41749247908592224,0.2995746114922027,17.127187728881836,9.466023445129395,0.021604938271604937,0.15714343685656787
InstructPix2Pix,VAE conditioning latent,vae_conditioning,face_005,add black sunglasses,151.9931640625,-151.9931640625,150,0.5001310110092163,9.398674808063738,0.6479238867759705,0.2107019610544318,26.987199783325195,17.042573928833008,0.024691358024691357,0.1550920467202862
InstructPix2Pix,VAE conditioning latent,vae_conditioning,face_005,add headphones,151.98402404785156,-151.98402404785156,150,0.49921831488609314,9.395569218954549,0.46113502979278564,0.3433313963755965,24.529254913330078,12.279754638671875,0.030864197530864196,0.15955829280118147
InstructPix2Pix,UNet denoising prediction,unet_prediction,face_002,add black sunglasses,0.0028321805875748396,-0.0028321805875748396,149,0.6210096478462219,10.837563105216045,0.4207225739955902,0.2788005366722822,5.673175811767578,3.419346332550049,0.037037037037037035,0.20398312070717414
InstructPix2Pix,UNet denoising prediction,unet_prediction,face_002,add headphones,0.0028498671017587185,-0.0028498671017587185,149,0.6303902268409729,11.029736372901473,0.39925649762153625,0.301291726158828,6.5670318603515625,5.012512683868408,0.05246913580246913,0.20363544903695582
InstructPix2Pix,UNet denoising prediction,unet_prediction,face_005,add black sunglasses,0.0031449501402676105,-0.0031449501402676105,150,0.9707487225532532,23.47073783026918,0.8472849726676941,0.06031442250945565,5.73490571975708,3.6222317218780518,0.037037037037037035,0.19654099098096292
InstructPix2Pix,UNet denoising prediction,unet_prediction,face_005,add headphones,0.003157779574394226,-0.003157779574394226,149,0.9731665253639221,23.857527572656704,0.816277027130127,0.07079616728908605,5.62063455581665,3.6915535926818848,0.033950617283950615,0.20358240094035865
