model,objective,code_objective,face_id,prompt,final_Z,final_loss,best_iter_by_Z,ssim_to_original,psnr_to_original,output_ssim,output_l2,max_disp_px,p95_disp_px,fraction_clamped,seconds_per_iter
InstructPix2Pix,VAE conditioning latent,vae_conditioning,face_002,add black sunglasses,127.66317749023438,-127.66317749023438,154,0.9977622628211975,35.31914529941398,0.9104896187782288,0.028273503695895624,1.577669382095337,1.042000412940979,0.0,0.14324954677994053
InstructPix2Pix,VAE conditioning latent,vae_conditioning,face_002,add headphones,127.55262756347656,-127.55262756347656,271,0.9972770810127258,34.46624526390987,0.8972897529602051,0.03305109363485377,1.683724045753479,1.1328213214874268,0.0,0.1400179787663122
InstructPix2Pix,VAE conditioning latent,vae_conditioning,face_005,add black sunglasses,131.70303344726562,-131.70303344726562,300,0.9493315815925598,21.651448233283972,0.6894751191139221,0.0965008381840519,26.253171920776367,19.388689041137695,0.022727272727272728,0.13987920578569174
InstructPix2Pix,VAE conditioning latent,vae_conditioning,face_005,add headphones,129.31898498535156,-129.31898498535156,296,0.9889793992042542,28.32558517098981,0.8263411521911621,0.05028235453106113,11.526570320129395,6.101796627044678,0.0,0.15761890150606633
InstructPix2Pix,UNet denoising prediction,unet_prediction,face_002,add black sunglasses,0.0023880982771515846,-0.0023880982771515846,223,0.9951148629188538,31.93527567477379,0.8673794865608215,0.03680972157511189,2.714956760406494,1.7100080251693726,0.0,0.17835563694437345
InstructPix2Pix,UNet denoising prediction,unet_prediction,face_002,add headphones,0.0023915288038551807,-0.0023915288038551807,231,0.9959269165992737,32.725098320711304,0.8633394241333008,0.03775975963963632,3.295339584350586,1.9777017831802368,0.0,0.1934169546390573
InstructPix2Pix,UNet denoising prediction,unet_prediction,face_005,add black sunglasses,0.00285906670615077,-0.00285906670615077,280,0.9954826831817627,32.23312249402798,0.9135556221008301,0.029341585097278376,3.0419654846191406,1.9397327899932861,0.0,0.19213416930288077
InstructPix2Pix,UNet denoising prediction,unet_prediction,face_005,add headphones,0.0028642495162785053,-0.0028642495162785053,231,0.9942162036895752,31.159072777193956,0.8763279318809509,0.039213560497655446,3.380542755126953,2.550631284713745,0.0,0.19495508808021744
