{
  "all_cases": true,
  "all_per_iteration_logging_fields_populated": true,
  "clamp_project_logic_active": true,
  "execution": "sequential",
  "failures": [],
  "iters": 500,
  "mode": "run_matrix",
  "num_failures": 0,
  "num_runs_attempted": 8,
  "num_runs_completed": 8,
  "nvidia_smi_memory_gb": 6.4814453125,
  "output_root": "outputs/blank_objective_ref/20260630_085045_blank_objective_ref_all_sequential",
  "peak_vram_gb": 5.113080024719238,
  "quick": false,
  "status": "done",
  "summaries": [
    {
      "all_required_history_fields_populated": true,
      "best_Z": 127.59413146972656,
      "best_iter_by_Z": 194,
      "blank_value": 0.0,
      "clamp_project_logic_active": true,
      "elapsed_seconds": 78.72209415026009,
      "face_id": "face_002",
      "final_Z": 127.4823989868164,
      "final_combined_max_disp_px": 2.1578848361968994,
      "final_combined_mean_disp_px": 0.652887225151062,
      "final_combined_p95_disp_px": 1.394693374633789,
      "final_fraction_clamped_total": 0.0,
      "final_loss": -127.4823989868164,
      "final_mse_to_blank": 0.34301239252090454,
      "final_mse_to_original": 0.0004189250466879457,
      "final_output_l2": 0.0313414784461221,
      "final_output_mse": 0.000982288271188736,
      "final_output_psnr": 30.077610415262935,
      "final_output_ssim": 0.8956928253173828,
      "final_psnr_to_blank": 4.646901892685335,
      "final_psnr_to_original": 33.778636732668964,
      "final_ssim_to_blank": 4.9125287659990136e-06,
      "final_ssim_to_original": 0.9968109726905823,
      "input_l2": 0.02070959972292872,
      "input_mse": 0.0004288875206839293,
      "input_psnr": 33.67656590219204,
      "input_ssim": 0.9384061694145203,
      "iters": 500,
      "mean_seconds_iter": 0.14229593720659614,
      "model": "instruct",
      "nvidia_smi_memory_gb": 6.4794921875,
      "objective_name": "vae_conditioning",
      "peak_vram_gb": 5.111126899719238,
      "prompt": "add black sunglasses",
      "run_dir": "outputs/blank_objective_ref/20260630_085045_blank_objective_ref_all_sequential/runs/blank_objective_ref/instruct/vae_conditioning/face_002__add_black_sunglasses",
      "seed": 1234,
      "status": "done",
      "variant": "blank_objective_ref"
    },
    {
      "all_required_history_fields_populated": true,
      "best_Z": 127.57232666015625,
      "best_iter_by_Z": 299,
      "blank_value": 0.0,
      "clamp_project_logic_active": true,
      "elapsed_seconds": 80.56368492357433,
      "face_id": "face_002",
      "final_Z": 127.5114974975586,
      "final_combined_max_disp_px": 2.8695852756500244,
      "final_combined_mean_disp_px": 0.8046601414680481,
      "final_combined_p95_disp_px": 1.8530844449996948,
      "final_fraction_clamped_total": 0.0,
      "final_loss": -127.5114974975586,
      "final_mse_to_blank": 0.34319251775741577,
      "final_mse_to_original": 0.000621500366833061,
      "final_output_l2": 0.039325496344759445,
      "final_output_mse": 0.0015464946627616882,
      "final_output_psnr": 28.106515744885726,
      "final_output_ssim": 0.866037905216217,
      "final_psnr_to_blank": 4.644621891569246,
      "final_psnr_to_original": 32.06558610685205,
      "final_ssim_to_blank": 4.91105447508744e-06,
      "final_ssim_to_original": 0.9952677488327026,
      "input_l2": 0.02467110622014847,
      "input_mse": 0.0006086634821258485,
      "input_psnr": 32.15622753753785,
      "input_ssim": 0.9135273098945618,
      "iters": 500,
      "mean_seconds_iter": 0.14741820759698748,
      "model": "instruct",
      "nvidia_smi_memory_gb": 6.4814453125,
      "objective_name": "vae_conditioning",
      "peak_vram_gb": 5.111126899719238,
      "prompt": "add headphones",
      "run_dir": "outputs/blank_objective_ref/20260630_085045_blank_objective_ref_all_sequential/runs/blank_objective_ref/instruct/vae_conditioning/face_002__add_headphones",
      "seed": 1234,
      "status": "done",
      "variant": "blank_objective_ref"
    },
    {
      "all_required_history_fields_populated": true,
      "best_Z": 136.30882263183594,
      "best_iter_by_Z": 500,
      "blank_value": 0.0,
      "clamp_project_logic_active": true,
      "elapsed_seconds": 80.09587212838233,
      "face_id": "face_005",
      "final_Z": 136.30882263183594,
      "final_combined_max_disp_px": 48.76515579223633,
      "final_combined_mean_disp_px": 11.678021430969238,
      "final_combined_p95_disp_px": 32.2248420715332,
      "final_fraction_clamped_total": 0.09848484848484848,
      "final_loss": -136.30882263183594,
      "final_mse_to_blank": 0.41890382766723633,
      "final_mse_to_original": 0.01612177863717079,
      "final_output_l2": 0.13863900963762124,
      "final_output_mse": 0.019220774993300438,
      "final_output_psnr": 17.162291052976325,
      "final_output_ssim": 0.5828345417976379,
      "final_psnr_to_blank": 3.7788567132375395,
      "final_psnr_to_original": 17.925870462966497,
      "final_ssim_to_blank": 3.8061782561271684e-06,
      "final_ssim_to_original": 0.8831761479377747,
      "input_l2": 0.12699015884163659,
      "input_mse": 0.016126500442624092,
      "input_psnr": 17.924598671648535,
      "input_ssim": 0.6082870960235596,
      "iters": 500,
      "mean_seconds_iter": 0.14516941726207733,
      "model": "instruct",
      "nvidia_smi_memory_gb": 6.4814453125,
      "objective_name": "vae_conditioning",
      "peak_vram_gb": 5.113080024719238,
      "prompt": "add black sunglasses",
      "run_dir": "outputs/blank_objective_ref/20260630_085045_blank_objective_ref_all_sequential/runs/blank_objective_ref/instruct/vae_conditioning/face_005__add_black_sunglasses",
      "seed": 1234,
      "status": "done",
      "variant": "blank_objective_ref"
    },
    {
      "all_required_history_fields_populated": true,
      "best_Z": 134.71578979492188,
      "best_iter_by_Z": 500,
      "blank_value": 0.0,
      "clamp_project_logic_active": true,
      "elapsed_seconds": 80.05903564952314,
      "face_id": "face_005",
      "final_Z": 134.71578979492188,
      "final_combined_max_disp_px": 43.295928955078125,
      "final_combined_mean_disp_px": 9.541681289672852,
      "final_combined_p95_disp_px": 28.986425399780273,
      "final_fraction_clamped_total": 0.07575757575757576,
      "final_loss": -134.71578979492188,
      "final_mse_to_blank": 0.4142720401287079,
      "final_mse_to_original": 0.012661151587963104,
      "final_output_l2": 0.12106088607664496,
      "final_output_mse": 0.01465573813766241,
      "final_output_psnr": 18.339923033913056,
      "final_output_ssim": 0.6026994585990906,
      "final_psnr_to_blank": 3.8271437692998678,
      "final_psnr_to_original": 18.975267915103963,
      "final_ssim_to_blank": 3.8486446101160254e-06,
      "final_ssim_to_original": 0.908065676689148,
      "input_l2": 0.1125872126597006,
      "input_mse": 0.012675880454480648,
      "input_psnr": 18.970218652693834,
      "input_ssim": 0.6490891575813293,
      "iters": 500,
      "mean_seconds_iter": 0.14591438299417495,
      "model": "instruct",
      "nvidia_smi_memory_gb": 6.4814453125,
      "objective_name": "vae_conditioning",
      "peak_vram_gb": 5.113080024719238,
      "prompt": "add headphones",
      "run_dir": "outputs/blank_objective_ref/20260630_085045_blank_objective_ref_all_sequential/runs/blank_objective_ref/instruct/vae_conditioning/face_005__add_headphones",
      "seed": 1234,
      "status": "done",
      "variant": "blank_objective_ref"
    },
    {
      "all_required_history_fields_populated": true,
      "best_Z": 0.002394949086010456,
      "best_iter_by_Z": 488,
      "blank_value": 0.0,
      "clamp_project_logic_active": true,
      "elapsed_seconds": 101.27900340221822,
      "face_id": "face_002",
      "final_Z": 0.0023935982026159763,
      "final_combined_max_disp_px": 4.968789100646973,
      "final_combined_mean_disp_px": 1.0092687606811523,
      "final_combined_p95_disp_px": 2.3608880043029785,
      "final_fraction_clamped_total": 0.0,