{
  "elapsed_seconds": 5.51440903916955,
  "final_Z": 0.002739951480180025,
  "status": "done"
}
