{
  "elapsed_seconds": 29.55035070516169,
  "final_Z": 151.9931640625,
  "status": "done"
}
