{
  "elapsed_seconds": 64.49525981582701,
  "final_Z": 0.0023915288038551807,
  "status": "done"
}
