{
  "all_cases": true,
  "all_per_iteration_logging_fields_populated": true,
  "clamp_project_logic_active": true,
  "execution": "sequential",
  "failures": [],
  "iters": 500,
  "mode": "run_matrix",
  "num_failures": 0,
  "num_runs_attempted": 8,
  "num_runs_completed": 8,
  "nvidia_smi_memory_gb": 14.525390625,
  "output_root": "outputs/blank_objective_ref/20260630_114412_blank_objective_ref_all_sequential",
  "peak_vram_gb": 5.1099066734313965,
  "quick": false,
  "status": "done",
  "summaries": [
    {
      "all_required_history_fields_populated": true,
      "best_Z": 127.83377075195312,
      "best_iter_by_Z": 486,
      "blank_value": 0.0,
      "clamp_project_logic_active": true,
      "elapsed_seconds": 263.58296274766326,
      "face_id": "face_002",
      "final_Z": 127.81925201416016,
      "final_combined_max_disp_px": 8.511383056640625,
      "final_combined_mean_disp_px": 1.646378755569458,
      "final_combined_p95_disp_px": 4.9298415184021,
      "final_fraction_clamped_total": 0.0,
      "final_loss": -127.81925201416016,
      "final_mse_to_blank": 0.34456849098205566,
      "final_mse_to_original": 0.001469222828745842,
      "final_output_l2": 0.045779047569638645,
      "final_output_mse": 0.002095721196383238,
      "final_output_psnr": 26.786664940766933,
      "final_output_ssim": 0.8364753723144531,
      "final_psnr_to_blank": 4.627244390710399,
      "final_psnr_to_original": 28.329123322180298,
      "final_ssim_to_blank": 4.890029686066555e-06,
      "final_ssim_to_original": 0.9888265132904053,
      "input_l2": 0.03842360633092291,
      "input_mse": 0.0014763735234737396,
      "input_psnr": 28.30803751821246,
      "input_ssim": 0.8561592102050781,
      "iters": 500,
      "mean_seconds_iter": 0.4327814301289618,
      "model": "instruct",
      "nvidia_smi_memory_gb": 14.5234375,
      "objective_name": "vae_conditioning",
      "peak_vram_gb": 5.106976509094238,
      "prompt": "add black sunglasses",
      "run_dir": "outputs/blank_objective_ref/20260630_114412_blank_objective_ref_all_sequential/runs/blank_objective_ref/instruct/vae_conditioning/face_002__add_black_sunglasses",
      "seed": 1234,
      "status": "done",
      "variant": "blank_objective_ref"
    },
    {
      "all_required_history_fields_populated": true,
      "best_Z": 127.67379760742188,
      "best_iter_by_Z": 381,
      "blank_value": 0.0,
      "clamp_project_logic_active": true,
      "elapsed_seconds": 260.7864214964211,
      "face_id": "face_002",
      "final_Z": 127.65242004394531,
      "final_combined_max_disp_px": 2.708775043487549,
      "final_combined_mean_disp_px": 0.7020577788352966,
      "final_combined_p95_disp_px": 1.897626280784607,
      "final_fraction_clamped_total": 0.0,
      "final_loss": -127.65242004394531,
      "final_mse_to_blank": 0.3431226909160614,
      "final_mse_to_original": 0.0005633059772662818,
      "final_output_l2": 0.040668231171452074,
      "final_output_mse": 0.001653905026614666,
      "final_output_psnr": 27.814894328738088,
      "final_output_ssim": 0.8687185645103455,
      "final_psnr_to_blank": 4.645505608310776,
      "final_psnr_to_original": 32.49255640420977,
      "final_ssim_to_blank": 4.912323220196413e-06,
      "final_ssim_to_original": 0.9957107305526733,
      "input_l2": 0.023800748249449298,
      "input_mse": 0.0005664756172336638,
      "input_psnr": 32.46818778702203,
      "input_ssim": 0.9254874587059021,
      "iters": 500,
      "mean_seconds_iter": 0.4299206566289067,
      "model": "instruct",
      "nvidia_smi_memory_gb": 14.525390625,
      "objective_name": "vae_conditioning",
      "peak_vram_gb": 5.1099066734313965,
      "prompt": "add headphones",
      "run_dir": "outputs/blank_objective_ref/20260630_114412_blank_objective_ref_all_sequential/runs/blank_objective_ref/instruct/vae_conditioning/face_002__add_headphones",
      "seed": 1234,
      "status": "done",
      "variant": "blank_objective_ref"
    },
    {
      "all_required_history_fields_populated": true,
      "best_Z": 131.57113647460938,
      "best_iter_by_Z": 500,
      "blank_value": 0.0,
      "clamp_project_logic_active": true,
      "elapsed_seconds": 245.8420409169048,
      "face_id": "face_005",
      "final_Z": 131.57113647460938,
      "final_combined_max_disp_px": 35.21747970581055,
      "final_combined_mean_disp_px": 5.549992561340332,
      "final_combined_p95_disp_px": 20.582069396972656,
      "final_fraction_clamped_total": 0.030303030303030304,
      "final_loss": -131.57113647460938,
      "final_mse_to_blank": 0.4002283215522766,
      "final_mse_to_original": 0.006017578300088644,
      "final_output_l2": 0.08720024281102817,
      "final_output_mse": 0.007603882346302271,
      "final_output_psnr": 21.189646115260842,
      "final_output_ssim": 0.7267677783966064,
      "final_psnr_to_blank": 3.9769218241977065,
      "final_psnr_to_original": 22.205782500225723,
      "final_ssim_to_blank": 4.023052952106809e-06,
      "final_ssim_to_original": 0.9554290175437927,
      "input_l2": 0.07792044324230728,
      "input_mse": 0.006071595475077629,
      "input_psnr": 22.166971713671803,
      "input_ssim": 0.7551653981208801,
      "iters": 500,
      "mean_seconds_iter": 0.40989784310758115,
      "model": "instruct",
      "nvidia_smi_memory_gb": 14.525390625,
      "objective_name": "vae_conditioning",
      "peak_vram_gb": 5.1099066734313965,
      "prompt": "add black sunglasses",
      "run_dir": "outputs/blank_objective_ref/20260630_114412_blank_objective_ref_all_sequential/runs/blank_objective_ref/instruct/vae_conditioning/face_005__add_black_sunglasses",
      "seed": 1234,
      "status": "done",
      "variant": "blank_objective_ref"
    },
    {
      "all_required_history_fields_populated": true,
      "best_Z": 133.78726196289062,
      "best_iter_by_Z": 498,
      "blank_value": 0.0,
      "clamp_project_logic_active": true,
      "elapsed_seconds": 251.99202033132315,
      "face_id": "face_005",
      "final_Z": 133.7799835205078,
      "final_combined_max_disp_px": 46.299068450927734,
      "final_combined_mean_disp_px": 8.467567443847656,
      "final_combined_p95_disp_px": 28.525142669677734,
      "final_fraction_clamped_total": 0.06060606060606061,
      "final_loss": -133.7799835205078,
      "final_mse_to_blank": 0.4089903235435486,
      "final_mse_to_original": 0.010726246982812881,
      "final_output_l2": 0.11297821751833098,
      "final_output_mse": 0.012764077633619308,
      "final_output_psnr": 18.940105630064224,
      "final_output_ssim": 0.6293049454689026,
      "final_psnr_to_blank": 3.8828696700819436,
      "final_psnr_to_original": 19.69552207182961,
      "final_ssim_to_blank": 3.923840722563909e-06,
      "final_ssim_to_original": 0.9213193655014038,
      "input_l2": 0.10361179347143114,
      "input_mse": 0.0107354037463665,
      "input_psnr": 19.69181617597387,
      "input_ssim": 0.6758242249488831,
      "iters": 500,
      "mean_seconds_iter": 0.4158958840891719,
      "model": "instruct",
      "nvidia_smi_memory_gb": 14.525390625,
      "objective_name": "vae_conditioning",
      "peak_vram_gb": 5.1099066734313965,
      "prompt": "add headphones",
      "run_dir": "outputs/blank_objective_ref/20260630_114412_blank_objective_ref_all_sequential/runs/blank_objective_ref/instruct/vae_conditioning/face_005__add_headphones",
      "seed": 1234,
      "status": "done",
      "variant": "blank_objective_ref"
    },
    {
      "all_required_history_fields_populated": true,
      "best_Z": 0.002402555663138628,
      "best_iter_by_Z": 489,
      "blank_value": 0.0,
      "clamp_project_logic_active": true,
      "elapsed_seconds": 305.1183202341199,
      "face_id": "face_002",
      "final_Z": 0.0024009449407458305,
      "final_combined_max_disp_px": 2.197171688079834,
      "final_combined_mean_disp_px": 0.7770505547523499,
      "final_combined_p95_disp_px": 1.667384147644043,
      "final_fraction_clamped_total": 0.0,