{
  "elapsed_seconds": 29.754814736545086,
  "final_Z": 127.53955841064453,
  "status": "done"
}
