{
  "elapsed_seconds": 37.094568530097604,
  "final_Z": 0.003157779574394226,
  "status": "done"
}
