{
  "all_required_history_fields_populated": true,
  "best_Z": 126.75736999511719,
  "best_iter_by_Z": 2,
  "blank_value": 0.0,
  "clamp_project_logic_active": true,
  "elapsed_seconds": 13.71362449042499,
  "face_id": "face_002",
  "final_Z": 126.75736999511719,
  "final_combined_max_disp_px": 0.9211466312408447,
  "final_combined_mean_disp_px": 0.257800817489624,
  "final_combined_p95_disp_px": 0.4982931613922119,
  "final_fraction_clamped_total": 0.0,
  "final_loss": -126.75736999511719,
  "final_mse_to_blank": 0.34235987067222595,
  "final_mse_to_original": 9.739346569404006e-05,
  "final_output_l2": 0.027220289767922432,
  "final_output_mse": 0.0007409441750496626,
  "final_output_psnr": 31.302145118333392,
  "final_output_ssim": 0.9106897711753845,
  "final_psnr_to_blank": 4.655171463516991,
  "final_psnr_to_original": 40.11470179756049,
  "final_ssim_to_blank": 4.919205366604729e-06,
  "final_ssim_to_original": 0.9992582201957703,
  "input_l2": 0.017195371530811507,
  "input_mse": 0.0002956808020826429,
  "input_psnr": 35.29176872363419,
  "input_ssim": 0.9546436667442322,
  "iters": 2,
  "mean_seconds_iter": 0.799207060597837,
  "model": "instruct",
  "nvidia_smi_memory_gb": 13.71484375,
  "objective_name": "vae_conditioning",
  "peak_vram_gb": 5.1030731201171875,
  "prompt": "add black sunglasses",
  "run_dir": "/home/interns/Desktop/wood/outputs/smoke_timing/20260630_062517_blank_objective_ref_all_sequential/runs/blank_objective_ref/instruct/vae_conditioning/face_002__add_black_sunglasses",
  "seed": 1234,
  "status": "done",
  "variant": "blank_objective_ref"
}
