{
  "all_cases": true,
  "all_per_iteration_logging_fields_populated": true,
  "clamp_project_logic_active": true,
  "execution": "sequential",
  "failures": [],
  "iters": 150,
  "mode": "run_matrix",
  "num_failures": 0,
  "num_runs_attempted": 8,
  "num_runs_completed": 8,
  "nvidia_smi_memory_gb": 6.3779296875,
  "output_root": "outputs/blank_objective_ref/20260630_070226_blank_objective_ref_all_sequential",
  "peak_vram_gb": 5.139936923980713,
  "quick": false,
  "status": "done",
  "summaries": [
    {
      "all_required_history_fields_populated": true,
      "best_Z": 148.57080078125,
      "best_iter_by_Z": 150,
      "blank_value": 0.0,
      "clamp_project_logic_active": true,
      "elapsed_seconds": 29.705756694078445,
      "face_id": "face_002",
      "final_Z": 148.57080078125,
      "final_combined_max_disp_px": 14.235944747924805,
      "final_combined_mean_disp_px": 2.9143290519714355,
      "final_combined_p95_disp_px": 7.526050567626953,
      "final_fraction_clamped_total": 0.037037037037037035,
      "final_loss": -148.57080078125,
      "final_mse_to_blank": 0.2703801691532135,
      "final_mse_to_original": 0.07914694398641586,
      "final_output_l2": 0.28798263766766613,
      "final_output_mse": 0.08293399959802628,
      "final_output_psnr": 10.812673897067013,
      "final_output_ssim": 0.4627291262149811,
      "final_psnr_to_blank": 5.680251645911982,
      "final_psnr_to_original": 11.015658494113401,
      "final_ssim_to_blank": 4.978486686013639e-06,
      "final_ssim_to_original": 0.6373776793479919,
      "input_l2": 0.2814122897383764,
      "input_mse": 0.0791928768157959,
      "input_psnr": 11.013138802630051,
      "input_ssim": 0.48405349254608154,
      "iters": 150,
      "mean_seconds_iter": 0.1537977349758148,
      "model": "instruct",
      "nvidia_smi_memory_gb": 6.3779296875,
      "objective_name": "vae_conditioning",
      "peak_vram_gb": 5.136031627655029,
      "prompt": "add black sunglasses",
      "run_dir": "outputs/blank_objective_ref/20260630_070226_blank_objective_ref_all_sequential/runs/blank_objective_ref/instruct/vae_conditioning/face_002__add_black_sunglasses",
      "seed": 1234,
      "status": "done",
      "variant": "blank_objective_ref"
    },
    {
      "all_required_history_fields_populated": true,
      "best_Z": 149.339599609375,
      "best_iter_by_Z": 150,
      "blank_value": 0.0,
      "clamp_project_logic_active": true,
      "elapsed_seconds": 29.159146597608924,
      "face_id": "face_002",
      "final_Z": 149.339599609375,
      "final_combined_max_disp_px": 17.127187728881836,
      "final_combined_mean_disp_px": 3.6903514862060547,
      "final_combined_p95_disp_px": 9.466023445129395,
      "final_fraction_clamped_total": 0.021604938271604937,
      "final_loss": -149.339599609375,
      "final_mse_to_blank": 0.2720085084438324,
      "final_mse_to_original": 0.07978576421737671,
      "final_output_l2": 0.2995746114922027,
      "final_output_mse": 0.0897449478507042,
      "final_output_psnr": 10.469899904634957,
      "final_output_ssim": 0.41749247908592224,
      "final_psnr_to_blank": 5.654175109936954,
      "final_psnr_to_original": 10.980745907716338,
      "final_ssim_to_blank": 4.9225623115489725e-06,
      "final_ssim_to_original": 0.6331959366798401,
      "input_l2": 0.28253817926936237,
      "input_mse": 0.07982782274484634,
      "input_psnr": 10.978457156844005,
      "input_ssim": 0.4520137310028076,
      "iters": 150,
      "mean_seconds_iter": 0.15714343685656787,
      "model": "instruct",
      "nvidia_smi_memory_gb": 6.3779296875,
      "objective_name": "vae_conditioning",
      "peak_vram_gb": 5.139936923980713,
      "prompt": "add headphones",
      "run_dir": "outputs/blank_objective_ref/20260630_070226_blank_objective_ref_all_sequential/runs/blank_objective_ref/instruct/vae_conditioning/face_002__add_headphones",
      "seed": 1234,
      "status": "done",
      "variant": "blank_objective_ref"
    },
    {
      "all_required_history_fields_populated": true,
      "best_Z": 151.9931640625,
      "best_iter_by_Z": 150,
      "blank_value": 0.0,
      "clamp_project_logic_active": true,
      "elapsed_seconds": 29.55035070516169,
      "face_id": "face_005",
      "final_Z": 151.9931640625,
      "final_combined_max_disp_px": 26.987199783325195,
      "final_combined_mean_disp_px": 4.832468032836914,
      "final_combined_p95_disp_px": 17.042573928833008,
      "final_fraction_clamped_total": 0.024691358024691357,
      "final_loss": -151.9931640625,
      "final_mse_to_blank": 0.2831774652004242,
      "final_mse_to_original": 0.11485040187835693,
      "final_output_l2": 0.2107019610544318,
      "final_output_mse": 0.044395316392183304,
      "final_output_psnr": 13.526628445772968,
      "final_output_ssim": 0.6479238867759705,
      "final_psnr_to_blank": 5.479413100518399,
      "final_psnr_to_original": 9.398674808063738,
      "final_ssim_to_blank": 4.553701728582382e-06,
      "final_ssim_to_original": 0.5001310110092163,
      "input_l2": 0.3389740151648525,
      "input_mse": 0.11490338295698166,
      "input_psnr": 9.396671847327633,
      "input_ssim": 0.5139612555503845,
      "iters": 150,
      "mean_seconds_iter": 0.1550920467202862,
      "model": "instruct",
      "nvidia_smi_memory_gb": 6.3779296875,
      "objective_name": "vae_conditioning",
      "peak_vram_gb": 5.139936923980713,
      "prompt": "add black sunglasses",
      "run_dir": "outputs/blank_objective_ref/20260630_070226_blank_objective_ref_all_sequential/runs/blank_objective_ref/instruct/vae_conditioning/face_005__add_black_sunglasses",
      "seed": 1234,
      "status": "done",
      "variant": "blank_objective_ref"
    },
    {
      "all_required_history_fields_populated": true,
      "best_Z": 151.98402404785156,
      "best_iter_by_Z": 150,
      "blank_value": 0.0,
      "clamp_project_logic_active": true,
      "elapsed_seconds": 30.061626352369785,
      "face_id": "face_005",
      "final_Z": 151.98402404785156,
      "final_combined_max_disp_px": 24.529254913330078,
      "final_combined_mean_disp_px": 4.785799026489258,
      "final_combined_p95_disp_px": 12.279754638671875,
      "final_fraction_clamped_total": 0.030864197530864196,
      "final_loss": -151.98402404785156,
      "final_mse_to_blank": 0.28299593925476074,
      "final_mse_to_original": 0.11493255943059921,
      "final_output_l2": 0.3433313963755965,
      "final_output_mse": 0.11787644773721695,
      "final_output_psnr": 9.285729602955612,
      "final_output_ssim": 0.46113502979278564,
      "final_psnr_to_blank": 5.482197961785456,
      "final_psnr_to_original": 9.395569218954549,
      "final_ssim_to_blank": 4.56067709819763e-06,
      "final_ssim_to_original": 0.49921831488609314,
      "input_l2": 0.33908609360908665,
      "input_mse": 0.11497937887907028,
      "input_psnr": 9.393800417512804,
      "input_ssim": 0.5011977553367615,
      "iters": 150,
      "mean_seconds_iter": 0.15955829280118147,
      "model": "instruct",
      "nvidia_smi_memory_gb": 6.3779296875,
      "objective_name": "vae_conditioning",
      "peak_vram_gb": 5.139936923980713,
      "prompt": "add headphones",
      "run_dir": "outputs/blank_objective_ref/20260630_070226_blank_objective_ref_all_sequential/runs/blank_objective_ref/instruct/vae_conditioning/face_005__add_headphones",
      "seed": 1234,
      "status": "done",
      "variant": "blank_objective_ref"
    },
    {
      "all_required_history_fields_populated": true,
      "best_Z": 0.002832361962646246,
      "best_iter_by_Z": 149,
      "blank_value": 0.0,
      "clamp_project_logic_active": true,
      "elapsed_seconds": 36.37701358087361,
      "face_id": "face_002",
      "final_Z": 0.0028321805875748396,
      "final_combined_max_disp_px": 5.673175811767578,
      "final_combined_mean_disp_px": 1.0888934135437012,
      "final_combined_p95_disp_px": 3.419346332550049,