{
  "all_required_history_fields_populated": true,
  "best_Z": 148.61520385742188,
  "best_iter_by_Z": 150,
  "blank_value": 0.0,
  "clamp_project_logic_active": true,
  "elapsed_seconds": 41.93216026760638,
  "face_id": "face_002",
  "final_Z": 148.61520385742188,
  "final_combined_max_disp_px": 13.604171752929688,
  "final_combined_mean_disp_px": 2.823150634765625,
  "final_combined_p95_disp_px": 8.442914962768555,
  "final_fraction_clamped_total": 0.021604938271604937,
  "final_loss": -148.61520385742188,
  "final_mse_to_blank": 0.27073273062705994,
  "final_mse_to_original": 0.07851710915565491,
  "final_output_l2": 0.298155295174268,
  "final_output_mse": 0.08889658004045486,
  "final_output_psnr": 10.511149465452922,
  "final_output_ssim": 0.44851163029670715,
  "final_psnr_to_blank": 5.674592363926577,
  "final_psnr_to_original": 11.050356986397713,
  "final_ssim_to_blank": 4.9671575652610045e-06,
  "final_ssim_to_original": 0.6402467489242554,
  "input_l2": 0.28026313629891425,
  "input_mse": 0.07854742556810379,
  "input_psnr": 11.048680446136816,
  "input_ssim": 0.48790213465690613,
  "iters": 150,
  "mean_seconds_iter": 0.15256510853767394,
  "model": "instruct",
  "nvidia_smi_memory_gb": 6.3798828125,
  "objective_name": "vae_conditioning",
  "peak_vram_gb": 5.133834362030029,
  "prompt": "add headphones",
  "run_dir": "outputs/blank_objective_ref/20260630_062726_blank_objective_ref_all_sequential/runs/blank_objective_ref/instruct/vae_conditioning/face_002__add_headphones",
  "seed": 1234,
  "status": "done",
  "variant": "blank_objective_ref"
}
