{
  "all_required_history_fields_populated": true,
  "best_Z": 127.051025390625,
  "best_iter_by_Z": 5,
  "blank_value": 0.0,
  "clamp_project_logic_active": true,
  "elapsed_seconds": 8.052716111764312,
  "face_id": "face_002",
  "final_Z": 127.051025390625,
  "final_combined_max_disp_px": 1.606757402420044,
  "final_combined_mean_disp_px": 0.5557971596717834,
  "final_combined_p95_disp_px": 0.9536017179489136,
  "final_fraction_clamped_total": 0.0,
  "final_loss": -127.051025390625,
  "final_mse_to_blank": 0.3418230414390564,
  "final_mse_to_original": 0.00048673953278921545,
  "final_output_l2": 0.03226639352418921,
  "final_output_mse": 0.0010411201510578394,
  "final_output_psnr": 29.824991475977125,
  "final_output_ssim": 0.8809939026832581,
  "final_psnr_to_blank": 4.661986659202438,
  "final_psnr_to_original": 33.12703379100716,
  "final_ssim_to_blank": 4.9389323066861834e-06,
  "final_ssim_to_original": 0.9962855577468872,
  "input_l2": 0.022731942004846593,
  "input_mse": 0.0005167411873117089,
  "input_psnr": 32.86726921250324,
  "input_ssim": 0.9293794631958008,
  "iters": 5,
  "mean_seconds_iter": 0.2860558100044727,
  "model": "instruct",
  "nvidia_smi_memory_gb": 6.3720703125,
  "objective_name": "vae_conditioning",
  "peak_vram_gb": 5.122848033905029,
  "prompt": "add black sunglasses",
  "run_dir": "/home/interns/Desktop/wood/outputs/smoke_timing/20260630_065715_blank_objective_ref_quick_sequential/runs/blank_objective_ref/instruct/vae_conditioning/face_002__add_black_sunglasses",
  "seed": 1234,
  "status": "done",
  "variant": "blank_objective_ref"
}
