{
  "elapsed_seconds": 63.95353050343692,
  "final_Z": 0.00285906670615077,
  "status": "done"
}
